id,internal_id,name,city,abbreviation,sport,league,sportsgameodds_id,espn_id,mlb_id,theoddsapi_id,conference,division,founded,stadium,confidence_score,verified_sources,last_verified_at_utc,created_at_utc,updated_at_utc,collegefootballdata_id
33,INTERNAL_ARIZONA_DIAMONDBACKS_MLB,Arizona Diamondbacks,Arizona,ARI,MLB,MLB,,ari,,,,,,,0.90,"[""espn""]",2025-09-10 22:14:06,2025-09-10 22:14:06,2025-09-10 22:14:05,
52,INTERNAL_ATHLETICS_MLB,Athletics,,ATH,MLB,MLB,,ath,,,,,,,0.90,"[""espn""]",2025-09-10 22:14:07,2025-09-10 22:14:07,2025-09-10 22:14:07,
34,INTERNAL_ATLANTA_BRAVES_MLB,Atlanta Braves,Atlanta,ATL,MLB,MLB,,atl,,,,,,,0.90,"[""espn""]",2025-09-10 22:14:06,2025-09-10 22:14:06,2025-09-10 22:14:06,
35,INTERNAL_BALTIMORE_ORIOLES_MLB,Baltimore Orioles,Baltimore,BAL,MLB,MLB,,bal,,,,,,,0.90,"[""espn""]",2025-09-10 22:14:06,2025-09-10 22:14:06,2025-09-10 22:14:06,
36,INTERNAL_BOSTON_RED_SOX_MLB,Boston Red Sox,Boston Red,BOS,MLB,MLB,,bos,,,,,,,0.90,"[""espn""]",2025-09-10 22:14:06,2025-09-10 22:14:06,2025-09-10 22:14:06,
37,INTERNAL_CHICAGO_CUBS_MLB,Chicago Cubs,Chicago,CHC,MLB,MLB,,chc,,,,,,,0.90,"[""espn""]",2025-09-10 22:14:06,2025-09-10 22:14:06,2025-09-10 22:14:06,
38,INTERNAL_CHICAGO_WHITE_SOX_MLB,Chicago White Sox,Chicago White,CWS,MLB,MLB,,cws,,,,,,,0.90,"[""espn""]",2025-09-10 22:14:06,2025-09-10 22:14:06,2025-09-10 22:14:06,
39,INTERNAL_CINCINNATI_REDS_MLB,Cincinnati Reds,Cincinnati,CIN,MLB,MLB,,cin,,,,,,,0.90,"[""espn""]",2025-09-10 22:14:07,2025-09-10 22:14:07,2025-09-10 22:14:06,
40,INTERNAL_CLEVELAND_GUARDIANS_MLB,Cleveland Guardians,Cleveland,CLE,MLB,MLB,,cle,,,,,,,0.90,"[""espn""]",2025-09-10 22:14:07,2025-09-10 22:14:07,2025-09-10 22:14:06,
41,INTERNAL_COLORADO_ROCKIES_MLB,Colorado Rockies,Colorado,COL,MLB,MLB,,col,,,,,,,0.90,"[""espn""]",2025-09-10 22:14:07,2025-09-10 22:14:07,2025-09-10 22:14:06,
42,INTERNAL_DETROIT_TIGERS_MLB,Detroit Tigers,Detroit,DET,MLB,MLB,,det,,,,,,,0.90,"[""espn""]",2025-09-10 22:14:07,2025-09-10 22:14:07,2025-09-10 22:14:06,
43,INTERNAL_HOUSTON_ASTROS_MLB,Houston Astros,Houston,HOU,MLB,MLB,,hou,,,,,,,0.90,"[""espn""]",2025-09-10 22:14:07,2025-09-10 22:14:07,2025-09-10 22:14:06,
44,INTERNAL_KANSAS_CITY_ROYALS_MLB,Kansas City Royals,Kansas City,KC,MLB,MLB,,kc,,,,,,,0.90,"[""espn""]",2025-09-10 22:14:07,2025-09-10 22:14:07,2025-09-10 22:14:06,
45,INTERNAL_LOS_ANGELES_ANGELS_MLB,Los Angeles Angels,Los Angeles,LAA,MLB,MLB,,laa,,,,,,,0.90,"[""espn""]",2025-09-10 22:14:07,2025-09-10 22:14:07,2025-09-10 22:14:06,
46,INTERNAL_LOS_ANGELES_DODGERS_MLB,Los Angeles Dodgers,Los Angeles,LAD,MLB,MLB,,lad,,,,,,,0.90,"[""espn""]",2025-09-10 22:14:07,2025-09-10 22:14:07,2025-09-10 22:14:06,
47,INTERNAL_MIAMI_MARLINS_MLB,Miami Marlins,Miami,MIA,MLB,MLB,,mia,,,,,,,0.90,"[""espn""]",2025-09-10 22:14:07,2025-09-10 22:14:07,2025-09-10 22:14:06,
48,INTERNAL_MILWAUKEE_BREWERS_MLB,Milwaukee Brewers,Milwaukee,MIL,MLB,MLB,,mil,,,,,,,0.90,"[""espn""]",2025-09-10 22:14:07,2025-09-10 22:14:07,2025-09-10 22:14:07,
49,INTERNAL_MINNESOTA_TWINS_MLB,Minnesota Twins,Minnesota,MIN,MLB,MLB,,min,,,,,,,0.90,"[""espn""]",2025-09-10 22:14:07,2025-09-10 22:14:07,2025-09-10 22:14:07,
50,INTERNAL_NEW_YORK_METS_MLB,New York Mets,New York,NYM,MLB,MLB,,nym,,,,,,,0.90,"[""espn""]",2025-09-10 22:14:07,2025-09-10 22:14:07,2025-09-10 22:14:07,
51,INTERNAL_NEW_YORK_YANKEES_MLB,New York Yankees,New York,NYY,MLB,MLB,,nyy,,,,,,,0.90,"[""espn""]",2025-09-10 22:14:07,2025-09-10 22:14:07,2025-09-10 22:14:07,
53,INTERNAL_PHILADELPHIA_PHILLIES_MLB,Philadelphia Phillies,Philadelphia,PHI,MLB,MLB,,phi,,,,,,,0.90,"[""espn""]",2025-09-10 22:14:08,2025-09-10 22:14:08,2025-09-10 22:14:07,
54,INTERNAL_PITTSBURGH_PIRATES_MLB,Pittsburgh Pirates,Pittsburgh,PIT,MLB,MLB,,pit,,,,,,,0.90,"[""espn""]",2025-09-10 22:14:08,2025-09-10 22:14:08,2025-09-10 22:14:07,
55,INTERNAL_SAN_DIEGO_PADRES_MLB,San Diego Padres,San Diego,SD,MLB,MLB,,sd,,,,,,,0.90,"[""espn""]",2025-09-10 22:14:08,2025-09-10 22:14:08,2025-09-10 22:14:07,
56,INTERNAL_SAN_FRANCISCO_GIANTS_MLB,San Francisco Giants,San Francisco,SF,MLB,MLB,,sf,,,,,,,0.90,"[""espn""]",2025-09-10 22:14:08,2025-09-10 22:14:08,2025-09-10 22:14:07,
57,INTERNAL_SEATTLE_MARINERS_MLB,Seattle Mariners,Seattle,SEA,MLB,MLB,,sea,,,,,,,0.90,"[""espn""]",2025-09-10 22:14:08,2025-09-10 22:14:08,2025-09-10 22:14:07,
58,INTERNAL_ST_LOUIS_CARDINALS_MLB,St. Louis Cardinals,St. Louis,STL,MLB,MLB,,stl,,,,,,,0.90,"[""espn""]",2025-09-10 22:14:08,2025-09-10 22:14:08,2025-09-10 22:14:07,
59,INTERNAL_TAMPA_BAY_RAYS_MLB,Tampa Bay Rays,Tampa Bay,TB,MLB,MLB,,tb,,,,,,,0.90,"[""espn""]",2025-09-10 22:14:08,2025-09-10 22:14:08,2025-09-10 22:14:07,
60,INTERNAL_TEXAS_RANGERS_MLB,Texas Rangers,Texas,TEX,MLB,MLB,,tex,,,,,,,0.90,"[""espn""]",2025-09-10 22:14:08,2025-09-10 22:14:08,2025-09-10 22:14:07,
61,INTERNAL_TORONTO_BLUE_JAYS_MLB,Toronto Blue Jays,Toronto Blue,TOR,MLB,MLB,,tor,,,,,,,0.90,"[""espn""]",2025-09-10 22:14:08,2025-09-10 22:14:08,2025-09-10 22:14:08,
62,INTERNAL_WASHINGTON_NATIONALS_MLB,Washington Nationals,Washington,WSH,MLB,MLB,,wsh,,,,,,,0.90,"[""espn""]",2025-09-10 22:14:08,2025-09-10 22:14:08,2025-09-10 22:14:08,
5683,mls_atl,Atlanta United FC,Atlanta,,MLS,MLS,,18418,,,,,,,0.85,,2025-09-11 03:47:05,2025-09-11 03:47:05,2025-09-11 03:48:51,
5684,mls_aft,Austin FC,Austin,,MLS,MLS,,20906,,,,,,,0.85,,2025-09-11 03:47:06,2025-09-11 03:47:06,2025-09-11 03:48:51,
5696,mls_mtl,CF Montr√©al,Montreal,,MLS,MLS,,9720,,,,,,,0.85,,2025-09-11 03:47:06,2025-09-11 03:47:06,2025-09-11 03:48:50,
5711,mls_ctf,Charlotte FC,Charlotte,,MLS,MLS,,21300,,,,,,,0.85,,2025-09-11 03:47:07,2025-09-11 03:47:07,2025-09-11 03:48:51,
5685,mls_chi,Chicago Fire FC,Chicago,,MLS,MLS,,182,,,,,,,0.85,,2025-09-11 03:47:06,2025-09-11 03:47:06,2025-09-11 03:48:50,
5687,mls_col,Colorado Rapids,Colorado,,MLS,MLS,,184,,,,,,,0.85,,2025-09-11 03:47:06,2025-09-11 03:47:06,2025-09-11 03:48:50,
5688,mls_clb,Columbus Crew,Columbus,,MLS,MLS,,183,,,,,,,0.85,,2025-09-11 03:47:06,2025-09-11 03:47:06,2025-09-11 03:48:50,
5690,mls_dc,D.C. United,Washington D.C.,,MLS,MLS,,193,,,,,,,0.85,,2025-09-11 03:47:06,2025-09-11 03:47:06,2025-09-11 03:48:50,
5686,mls_fc,FC Cincinnati,Cincinnati,,MLS,MLS,,18267,,,,,,,0.85,,2025-09-11 03:47:06,2025-09-11 03:47:06,2025-09-11 03:48:51,
5689,mls_dal,FC Dallas,Dallas,,MLS,MLS,,185,,,,,,,0.85,,2025-09-11 03:47:06,2025-09-11 03:47:06,2025-09-11 03:48:50,
5691,mls_hou,Houston Dynamo FC,Houston,,MLS,MLS,,6077,,,,,,,0.85,,2025-09-11 03:47:06,2025-09-11 03:47:06,2025-09-11 03:48:50,
5692,mls_mia,Inter Miami CF,Miami,,MLS,MLS,,20232,,,,,,,0.85,,2025-09-11 03:47:06,2025-09-11 03:47:06,2025-09-11 03:48:51,
5694,mls_la,LA Galaxy,Los Angeles,,MLS,MLS,,187,,,,,,,0.85,,2025-09-11 03:47:06,2025-09-11 03:47:06,2025-09-11 03:48:50,
5693,mls_lafc,Los Angeles FC,Los Angeles,,MLS,MLS,,lafc,,,,,,,0.85,,2025-09-11 03:47:06,2025-09-11 03:47:06,2025-09-11 03:47:06,
5695,mls_min,Minnesota United FC,Minneapolis,,MLS,MLS,,17362,,,,,,,0.85,,2025-09-11 03:47:06,2025-09-11 03:47:06,2025-09-11 03:48:51,
5697,mls_nsh,Nashville SC,Nashville,,MLS,MLS,,18986,,,,,,,0.85,,2025-09-11 03:47:06,2025-09-11 03:47:06,2025-09-11 03:48:51,
5698,mls_ne,New England Revolution,Boston,,MLS,MLS,,189,,,,,,,0.85,,2025-09-11 03:47:06,2025-09-11 03:47:06,2025-09-11 03:48:50,
5699,mls_ny,New York City FC,New York,,MLS,MLS,,17606,,,,,,,0.85,,2025-09-11 03:47:06,2025-09-11 03:47:06,2025-09-11 03:48:51,
5700,mls_nyr,New York Red Bulls,New York,,MLS,MLS,,190,,,,,,,0.85,,2025-09-11 03:47:06,2025-09-11 03:47:06,2025-09-11 03:48:50,
5701,mls_orl,Orlando City SC,Orlando,,MLS,MLS,,12011,,,,,,,0.85,,2025-09-11 03:47:06,2025-09-11 03:47:06,2025-09-11 03:48:51,
5702,mls_phi,Philadelphia Union,Philadelphia,,MLS,MLS,,10739,,,,,,,0.85,,2025-09-11 03:47:06,2025-09-11 03:47:06,2025-09-11 03:48:50,
5703,mls_por,Portland Timbers,Portland,,MLS,MLS,,9723,,,,,,,0.85,,2025-09-11 03:47:06,2025-09-11 03:47:06,2025-09-11 03:48:50,
5704,mls_rsl,Real Salt Lake,Salt Lake City,,MLS,MLS,,4771,,,,,,,0.85,,2025-09-11 03:47:06,2025-09-11 03:47:06,2025-09-11 03:48:50,
5712,mls_sdg,San Diego FC,San Diego,,MLS,MLS,,22529,,,,,,,0.85,,2025-09-11 03:47:07,2025-09-11 03:47:07,2025-09-11 03:48:51,
5705,mls_sj,San Jose Earthquakes,San Jose,,MLS,MLS,,191,,,,,,,0.85,,2025-09-11 03:47:06,2025-09-11 03:47:06,2025-09-11 03:48:50,
5706,mls_sea,Seattle Sounders FC,Seattle,,MLS,MLS,,9726,,,,,,,0.85,,2025-09-11 03:47:06,2025-09-11 03:47:06,2025-09-11 03:48:50,
5707,mls_skc,Sporting Kansas City,Kansas City,,MLS,MLS,,186,,,,,,,0.85,,2025-09-11 03:47:06,2025-09-11 03:47:06,2025-09-11 03:48:50,
5708,mls_stl,St. Louis CITY SC,St. Louis,,MLS,MLS,,21812,,,,,,,0.85,,2025-09-11 03:47:07,2025-09-11 03:47:07,2025-09-11 03:48:51,
5709,mls_tor,Toronto FC,Toronto,,MLS,MLS,,7318,,,,,,,0.85,,2025-09-11 03:47:07,2025-09-11 03:47:07,2025-09-11 03:48:50,
5710,mls_van,Vancouver Whitecaps FC,Vancouver,,MLS,MLS,,van,,,,,,,0.85,,2025-09-11 03:47:07,2025-09-11 03:47:07,2025-09-11 03:47:07,
125,INTERNAL_ATLANTA_HAWKS_NBA,Atlanta Hawks,Atlanta,ATL,NBA,NBA,,atl,,,,,,,0.90,"[""espn""]",2025-09-10 22:23:33,2025-09-10 22:23:33,2025-09-10 22:23:33,
126,INTERNAL_BOSTON_CELTICS_NBA,Boston Celtics,Boston,BOS,NBA,NBA,,bos,,,,,,,0.90,"[""espn""]",2025-09-10 22:23:33,2025-09-10 22:23:33,2025-09-10 22:23:33,
127,INTERNAL_BROOKLYN_NETS_NBA,Brooklyn Nets,Brooklyn,BKN,NBA,NBA,,bkn,,,,,,,0.90,"[""espn""]",2025-09-10 22:23:33,2025-09-10 22:23:33,2025-09-10 22:23:33,
128,INTERNAL_CHARLOTTE_HORNETS_NBA,Charlotte Hornets,Charlotte,CHA,NBA,NBA,,cha,,,,,,,0.90,"[""espn""]",2025-09-10 22:23:33,2025-09-10 22:23:33,2025-09-10 22:23:33,
129,INTERNAL_CHICAGO_BULLS_NBA,Chicago Bulls,Chicago,CHI,NBA,NBA,,chi,,,,,,,0.90,"[""espn""]",2025-09-10 22:23:34,2025-09-10 22:23:34,2025-09-10 22:23:33,
130,INTERNAL_CLEVELAND_CAVALIERS_NBA,Cleveland Cavaliers,Cleveland,CLE,NBA,NBA,,cle,,,,,,,0.90,"[""espn""]",2025-09-10 22:23:34,2025-09-10 22:23:34,2025-09-10 22:23:33,
131,INTERNAL_DALLAS_MAVERICKS_NBA,Dallas Mavericks,Dallas,DAL,NBA,NBA,,dal,,,,,,,0.90,"[""espn""]",2025-09-10 22:23:34,2025-09-10 22:23:34,2025-09-10 22:23:33,
132,INTERNAL_DENVER_NUGGETS_NBA,Denver Nuggets,Denver,DEN,NBA,NBA,,den,,,,,,,0.90,"[""espn""]",2025-09-10 22:23:34,2025-09-10 22:23:34,2025-09-10 22:23:33,
133,INTERNAL_DETROIT_PISTONS_NBA,Detroit Pistons,Detroit,DET,NBA,NBA,,det,,,,,,,0.90,"[""espn""]",2025-09-10 22:23:34,2025-09-10 22:23:34,2025-09-10 22:23:33,
134,INTERNAL_GOLDEN_STATE_WARRIORS_NBA,Golden State Warriors,Golden State,GS,NBA,NBA,,gs,,,,,,,0.90,"[""espn""]",2025-09-10 22:23:34,2025-09-10 22:23:34,2025-09-10 22:23:33,
135,INTERNAL_HOUSTON_ROCKETS_NBA,Houston Rockets,Houston,HOU,NBA,NBA,,hou,,,,,,,0.90,"[""espn""]",2025-09-10 22:23:34,2025-09-10 22:23:34,2025-09-10 22:23:33,
136,INTERNAL_INDIANA_PACERS_NBA,Indiana Pacers,Indiana,IND,NBA,NBA,,ind,,,,,,,0.90,"[""espn""]",2025-09-10 22:23:34,2025-09-10 22:23:34,2025-09-10 22:23:33,
137,INTERNAL_LA_CLIPPERS_NBA,LA Clippers,LA,LAC,NBA,NBA,,lac,,,,,,,0.90,"[""espn""]",2025-09-10 22:23:34,2025-09-10 22:23:34,2025-09-10 22:23:33,
138,INTERNAL_LOS_ANGELES_LAKERS_NBA,Los Angeles Lakers,Los Angeles,LAL,NBA,NBA,,lal,,,,,,,0.90,"[""espn""]",2025-09-10 22:23:34,2025-09-10 22:23:34,2025-09-10 22:23:34,
139,INTERNAL_MEMPHIS_GRIZZLIES_NBA,Memphis Grizzlies,Memphis,MEM,NBA,NBA,,mem,,,,,,,0.90,"[""espn""]",2025-09-10 22:23:34,2025-09-10 22:23:34,2025-09-10 22:23:34,
140,INTERNAL_MIAMI_HEAT_NBA,Miami Heat,Miami,MIA,NBA,NBA,,mia,,,,,,,0.90,"[""espn""]",2025-09-10 22:23:34,2025-09-10 22:23:34,2025-09-10 22:23:34,
141,INTERNAL_MILWAUKEE_BUCKS_NBA,Milwaukee Bucks,Milwaukee,MIL,NBA,NBA,,mil,,,,,,,0.90,"[""espn""]",2025-09-10 22:23:34,2025-09-10 22:23:34,2025-09-10 22:23:34,
142,INTERNAL_MINNESOTA_TIMBERWOLVES_NBA,Minnesota Timberwolves,Minnesota,MIN,NBA,NBA,,min,,,,,,,0.90,"[""espn""]",2025-09-10 22:23:34,2025-09-10 22:23:34,2025-09-10 22:23:34,
143,INTERNAL_NEW_ORLEANS_PELICANS_NBA,New Orleans Pelicans,New Orleans,NO,NBA,NBA,,no,,,,,,,0.90,"[""espn""]",2025-09-10 22:23:35,2025-09-10 22:23:35,2025-09-10 22:23:34,
144,INTERNAL_NEW_YORK_KNICKS_NBA,New York Knicks,New York,NY,NBA,NBA,,ny,,,,,,,0.90,"[""espn""]",2025-09-10 22:23:35,2025-09-10 22:23:35,2025-09-10 22:23:34,
145,INTERNAL_OKLAHOMA_CITY_THUNDER_NBA,Oklahoma City Thunder,Oklahoma City,OKC,NBA,NBA,,okc,,,,,,,0.90,"[""espn""]",2025-09-10 22:23:35,2025-09-10 22:23:35,2025-09-10 22:23:34,
146,INTERNAL_ORLANDO_MAGIC_NBA,Orlando Magic,Orlando,ORL,NBA,NBA,,orl,,,,,,,0.90,"[""espn""]",2025-09-10 22:23:35,2025-09-10 22:23:35,2025-09-10 22:23:34,
147,INTERNAL_PHILADELPHIA_76ERS_NBA,Philadelphia 76ers,Philadelphia,PHI,NBA,NBA,,phi,,,,,,,0.90,"[""espn""]",2025-09-10 22:23:35,2025-09-10 22:23:35,2025-09-10 22:23:34,
148,INTERNAL_PHOENIX_SUNS_NBA,Phoenix Suns,Phoenix,PHX,NBA,NBA,,phx,,,,,,,0.90,"[""espn""]",2025-09-10 22:23:35,2025-09-10 22:23:35,2025-09-10 22:23:34,
149,INTERNAL_PORTLAND_TRAIL_BLAZERS_NBA,Portland Trail Blazers,Portland Trail,POR,NBA,NBA,,por,,,,,,,0.90,"[""espn""]",2025-09-10 22:23:35,2025-09-10 22:23:35,2025-09-10 22:23:34,
150,INTERNAL_SACRAMENTO_KINGS_NBA,Sacramento Kings,Sacramento,SAC,NBA,NBA,,sac,,,,,,,0.90,"[""espn""]",2025-09-10 22:23:35,2025-09-10 22:23:35,2025-09-10 22:23:34,
151,INTERNAL_SAN_ANTONIO_SPURS_NBA,San Antonio Spurs,San Antonio,SA,NBA,NBA,,sa,,,,,,,0.90,"[""espn""]",2025-09-10 22:23:35,2025-09-10 22:23:35,2025-09-10 22:23:34,
152,INTERNAL_TORONTO_RAPTORS_NBA,Toronto Raptors,Toronto,TOR,NBA,NBA,,tor,,,,,,,0.90,"[""espn""]",2025-09-10 22:23:35,2025-09-10 22:23:35,2025-09-10 22:23:35,
153,INTERNAL_UTAH_JAZZ_NBA,Utah Jazz,Utah,UTAH,NBA,NBA,,utah,,,,,,,0.90,"[""espn""]",2025-09-10 22:23:35,2025-09-10 22:23:35,2025-09-10 22:23:35,
154,INTERNAL_WASHINGTON_WIZARDS_NBA,Washington Wizards,Washington,WSH,NBA,NBA,,wsh,,,,,,,0.90,"[""espn""]",2025-09-10 22:23:35,2025-09-10 22:23:35,2025-09-10 22:23:35,
387,INTERNAL_ALABAMA_CRIMSON_TIDE_NCAAF,Alabama Crimson Tide,Alabama,ALA,NCAAF,NCAAF,,333,,,SEC,,,,0.90,"[""espn""]",2025-09-10 22:23:52,2025-09-10 22:23:52,2025-09-16 19:55:09,333
189,INTERNAL_ARIZONA_STATE_SUN_DEVILS_NCAAF,Arizona State Sun Devils,Arizona,ASU,NCAAF,NCAAF,,9,,,Pac-12,,,,0.90,"[""espn""]",2025-09-10 22:23:38,2025-09-10 22:23:38,2025-09-16 19:55:07,9
190,INTERNAL_ARIZONA_WILDCATS_NCAAF,Arizona Wildcats,Arizona,ARIZ,NCAAF,NCAAF,,12,,,Pac-12,,,,0.90,"[""espn""]",2025-09-10 22:23:38,2025-09-10 22:23:38,2025-09-16 19:55:07,12
191,INTERNAL_ARKANSAS_RAZORBACKS_NCAAF,Arkansas Razorbacks,Arkansas,ARK,NCAAF,NCAAF,,8,,,SEC,,,,0.90,"[""espn""]",2025-09-10 22:23:38,2025-09-10 22:23:38,2025-09-16 19:55:07,8
192,INTERNAL_AUBURN_TIGERS_NCAAF,Auburn Tigers,Auburn,AUB,NCAAF,NCAAF,,2,,,SEC,,,,0.90,"[""espn""]",2025-09-10 22:23:38,2025-09-10 22:23:38,2025-09-16 19:55:07,2
339,INTERNAL_BAYLOR_BEARS_NCAAF,Baylor Bears,Baylor,BAY,NCAAF,NCAAF,,239,,,Big 12,,,,0.90,"[""espn""]",2025-09-10 22:23:49,2025-09-10 22:23:49,2025-09-16 19:55:09,239
240,INTERNAL_BOSTON_COLLEGE_EAGLES_NCAAF,Boston College Eagles,Boston,BC,NCAAF,NCAAF,,103,,,ACC,,,,0.90,"[""espn""]",2025-09-10 22:23:42,2025-09-10 22:23:42,2025-09-16 19:55:08,103
338,INTERNAL_BYU_COUGARS_NCAAF,BYU Cougars,BYU,BYU,NCAAF,NCAAF,,252,,,Big 12,,,,0.90,"[""espn""]",2025-09-10 22:23:49,2025-09-10 22:23:49,2025-09-16 19:55:09,252
197,INTERNAL_CALIFORNIA_GOLDEN_BEARS_NCAAF,California Golden Bears,California,CAL,NCAAF,NCAAF,,25,,,Pac-12,,,,0.90,"[""espn""]",2025-09-10 22:23:39,2025-09-10 22:23:39,2025-09-16 19:55:07,25
533,INTERNAL_CINCINNATI_BEARCATS_NCAAF,Cincinnati Bearcats,Cincinnati,CIN,NCAAF,NCAAF,,2132,,,Big 12,,,,0.90,"[""espn""]",2025-09-10 22:24:03,2025-09-10 22:24:03,2025-09-16 19:55:09,2132
290,INTERNAL_CLEMSON_TIGERS_NCAAF,Clemson Tigers,Clemson,CLEM,NCAAF,NCAAF,,228,,,ACC,,,,0.90,"[""espn""]",2025-09-10 22:23:45,2025-09-10 22:23:45,2025-09-16 19:55:08,228
201,INTERNAL_COLORADO_BUFFALOES_NCAAF,Colorado Buffaloes,Colorado,COLO,NCAAF,NCAAF,,38,,,Pac-12,,,,0.90,"[""espn""]",2025-09-10 22:23:39,2025-09-10 22:23:39,2025-09-16 19:55:07,38
243,INTERNAL_DUKE_BLUE_DEVILS_NCAAF,Duke Blue Devils,Duke,DUKE,NCAAF,NCAAF,,150,,,ACC,,,,0.90,"[""espn""]",2025-09-10 22:23:42,2025-09-10 22:23:42,2025-09-16 19:55:08,150
209,INTERNAL_FLORIDA_GATORS_NCAAF,Florida Gators,Florida,FLA,NCAAF,NCAAF,,57,,,SEC,,,,0.90,"[""espn""]",2025-09-10 22:23:39,2025-09-10 22:23:39,2025-09-16 19:55:07,57
210,INTERNAL_FLORIDA_STATE_SEMINOLES_NCAAF,Florida State Seminoles,Florida,FSU,NCAAF,NCAAF,,52,,,ACC,,,,0.90,"[""espn""]",2025-09-10 22:23:40,2025-09-10 22:23:40,2025-09-16 19:55:07,52
212,INTERNAL_GEORGIA_BULLDOGS_NCAAF,Georgia Bulldogs,Georgia,UGA,NCAAF,NCAAF,,61,,,SEC,,,,0.90,"[""espn""]",2025-09-10 22:23:40,2025-09-10 22:23:40,2025-09-16 19:55:07,61
213,INTERNAL_GEORGIA_TECH_YELLOW_JACKETS_NCAAF,Georgia Tech Yellow Jackets,Georgia,GT,NCAAF,NCAAF,,59,,,ACC,,,,0.90,"[""espn""]",2025-09-10 22:23:40,2025-09-10 22:23:40,2025-09-16 19:55:07,59
346,INTERNAL_HOUSTON_COUGARS_NCAAF,Houston Cougars,Houston,HOU,NCAAF,NCAAF,,248,,,Big 12,,,,0.90,"[""espn""]",2025-09-10 22:23:49,2025-09-10 22:23:49,2025-09-16 19:55:09,248
403,INTERNAL_ILLINOIS_FIGHTING_ILLINI_NCAAF,Illinois Fighting Illini,Illinois,ILL,NCAAF,NCAAF,,356,,,Big Ten,,,,0.90,"[""espn""]",2025-09-10 22:23:54,2025-09-10 22:23:54,2025-09-16 19:55:09,356
250,INTERNAL_INDIANA_HOOSIERS_NCAAF,Indiana Hoosiers,Indiana,IU,NCAAF,NCAAF,,84,,,Big Ten,,,,0.90,"[""espn""]",2025-09-10 22:23:42,2025-09-10 22:23:42,2025-09-16 19:55:08,84
605,INTERNAL_IOWA_HAWKEYES_NCAAF,Iowa Hawkeyes,Iowa,IOWA,NCAAF,NCAAF,,2294,,,Big Ten,,,,0.90,"[""espn""]",2025-09-10 22:24:09,2025-09-10 22:24:09,2025-09-16 19:55:09,2294
218,INTERNAL_IOWA_STATE_CYCLONES_NCAAF,Iowa State Cyclones,Iowa,ISU,NCAAF,NCAAF,,66,,,Big 12,,,,0.90,"[""espn""]",2025-09-10 22:23:40,2025-09-10 22:23:40,2025-09-16 19:55:07,66
609,INTERNAL_KANSAS_JAYHAWKS_NCAAF,Kansas Jayhawks,Kansas,KU,NCAAF,NCAAF,,2305,,,Big 12,,,,0.90,"[""espn""]",2025-09-10 22:24:09,2025-09-10 22:24:09,2025-09-16 19:55:09,2305
610,INTERNAL_KANSAS_STATE_WILDCATS_NCAAF,Kansas State Wildcats,Kansas,KSU,NCAAF,NCAAF,,2306,,,Big 12,,,,0.90,"[""espn""]",2025-09-10 22:24:09,2025-09-10 22:24:09,2025-09-16 19:55:09,2306
253,INTERNAL_KENTUCKY_WILDCATS_NCAAF,Kentucky Wildcats,Kentucky,UK,NCAAF,NCAAF,,96,,,SEC,,,,0.90,"[""espn""]",2025-09-10 22:23:43,2025-09-10 22:23:43,2025-09-16 19:55:08,96
255,INTERNAL_LOUISVILLE_CARDINALS_NCAAF,Louisville Cardinals,Louisville,LOU,NCAAF,NCAAF,,97,,,ACC,,,,0.90,"[""espn""]",2025-09-10 22:23:43,2025-09-10 22:23:43,2025-09-16 19:55:08,97
254,INTERNAL_LSU_TIGERS_NCAAF,LSU Tigers,LSU,LSU,NCAAF,NCAAF,,99,,,SEC,,,,0.90,"[""espn""]",2025-09-10 22:23:43,2025-09-10 22:23:43,2025-09-16 19:55:08,99
257,INTERNAL_MARYLAND_TERRAPINS_NCAAF,Maryland Terrapins,Maryland,MD,NCAAF,NCAAF,,120,,,Big Ten,,,,0.90,"[""espn""]",2025-09-10 22:23:43,2025-09-10 22:23:43,2025-09-16 19:55:08,120
260,INTERNAL_MICHIGAN_STATE_SPARTANS_NCAAF,Michigan State Spartans,Michigan,MSU,NCAAF,NCAAF,,127,,,Big Ten,,,,0.90,"[""espn""]",2025-09-10 22:23:43,2025-09-10 22:23:43,2025-09-16 19:55:08,127
261,INTERNAL_MICHIGAN_WOLVERINES_NCAAF,Michigan Wolverines,Michigan,MICH,NCAAF,NCAAF,,130,,,Big Ten,,,,0.90,"[""espn""]",2025-09-10 22:23:43,2025-09-10 22:23:43,2025-09-16 19:55:08,130
263,INTERNAL_MINNESOTA_GOLDEN_GOPHERS_NCAAF,Minnesota Golden Gophers,Minnesota,MINN,NCAAF,NCAAF,,135,,,Big Ten,,,,0.90,"[""espn""]",2025-09-10 22:23:43,2025-09-10 22:23:43,2025-09-16 19:55:08,135
410,INTERNAL_MISSISSIPPI_STATE_BULLDOGS_NCAAF,Mississippi State Bulldogs,Mississippi,MSST,NCAAF,NCAAF,,344,,,SEC,,,,0.90,"[""espn""]",2025-09-10 22:23:54,2025-09-10 22:23:54,2025-09-16 19:55:09,344
264,INTERNAL_MISSOURI_TIGERS_NCAAF,Missouri Tigers,Missouri,MIZ,NCAAF,NCAAF,,142,,,SEC,,,,0.90,"[""espn""]",2025-09-10 22:23:43,2025-09-10 22:23:43,2025-09-16 19:55:08,142
306,INTERNAL_NC_STATE_WOLFPACK_NCAAF,NC State Wolfpack,NC,NCSU,NCAAF,NCAAF,,152,,,ACC,,,,0.90,"[""espn""]",2025-09-10 22:23:46,2025-09-10 22:23:46,2025-09-16 19:55:08,152
307,INTERNAL_NEBRASKA_CORNHUSKERS_NCAAF,Nebraska Cornhuskers,Nebraska,NEB,NCAAF,NCAAF,,158,,,Big Ten,,,,0.90,"[""espn""]",2025-09-10 22:23:46,2025-09-10 22:23:46,2025-09-16 19:55:08,158
311,INTERNAL_NORTH_CAROLINA_TAR_HEELS_NCAAF,North Carolina Tar Heels,North,UNC,NCAAF,NCAAF,,153,,,ACC,,,,0.90,"[""espn""]",2025-09-10 22:23:47,2025-09-10 22:23:47,2025-09-16 19:55:08,153
271,INTERNAL_NORTHWESTERN_WILDCATS_NCAAF,Northwestern Wildcats,Northwestern,NU,NCAAF,NCAAF,,77,,,Big Ten,,,,0.90,"[""espn""]",2025-09-10 22:23:44,2025-09-10 22:23:44,2025-09-16 19:55:08,77
272,INTERNAL_NOTRE_DAME_FIGHTING_IRISH_NCAAF,Notre Dame Fighting Irish,Notre,ND,NCAAF,NCAAF,,87,,,ACC,,,,0.90,"[""espn""]",2025-09-10 22:23:44,2025-09-10 22:23:44,2025-09-10 22:57:29,
315,INTERNAL_OHIO_STATE_BUCKEYES_NCAAF,Ohio State Buckeyes,Ohio,OSU,NCAAF,NCAAF,,194,,,Big Ten,,,,0.90,"[""espn""]",2025-09-10 22:23:47,2025-09-10 22:23:47,2025-09-16 19:55:08,194
317,INTERNAL_OKLAHOMA_STATE_COWBOYS_NCAAF,Oklahoma State Cowboys,Oklahoma,OKST,NCAAF,NCAAF,,197,,,Big 12,,,,0.90,"[""espn""]",2025-09-10 22:23:47,2025-09-10 22:23:47,2025-09-16 19:55:08,197
273,INTERNAL_OLE_MISS_REBELS_NCAAF,Ole Miss Rebels,Ole,MISS,NCAAF,NCAAF,,145,,,SEC,,,,0.90,"[""espn""]",2025-09-10 22:23:44,2025-09-10 22:23:44,2025-09-16 19:55:08,145
318,INTERNAL_OREGON_STATE_BEAVERS_NCAAF,Oregon State Beavers,Oregon,ORST,NCAAF,NCAAF,,204,,,Pac-12,,,,0.90,"[""espn""]",2025-09-10 22:23:47,2025-09-10 22:23:47,2025-09-16 19:55:08,204
320,INTERNAL_PENN_STATE_NITTANY_LIONS_NCAAF,Penn State Nittany Lions,Penn,PSU,NCAAF,NCAAF,,213,,,Big Ten,,,,0.90,"[""espn""]",2025-09-10 22:23:47,2025-09-10 22:23:47,2025-09-16 19:55:08,213
322,INTERNAL_PITTSBURGH_PANTHERS_NCAAF,Pittsburgh Panthers,Pittsburgh,PITT,NCAAF,NCAAF,,221,,,ACC,,,,0.90,"[""espn""]",2025-09-10 22:23:48,2025-09-10 22:23:48,2025-09-16 19:55:08,221
325,INTERNAL_RUTGERS_SCARLET_KNIGHTS_NCAAF,Rutgers Scarlet Knights,Rutgers,RUTG,NCAAF,NCAAF,,164,,,Big Ten,,,,0.90,"[""espn""]",2025-09-10 22:23:48,2025-09-10 22:23:48,2025-09-16 19:55:08,164
230,INTERNAL_STANFORD_CARDINAL_NCAAF,Stanford Cardinal,Stanford,STAN,NCAAF,NCAAF,,24,,,Pac-12,,,,0.90,"[""espn""]",2025-09-10 22:23:41,2025-09-10 22:23:41,2025-09-16 19:55:07,24
330,INTERNAL_SYRACUSE_ORANGE_NCAAF,Syracuse Orange,Syracuse,SYR,NCAAF,NCAAF,,183,,,ACC,,,,0.90,"[""espn""]",2025-09-10 22:23:48,2025-09-10 22:23:48,2025-09-16 19:55:08,183
373,INTERNAL_TEXAS_A&M_AGGIES_NCAAF,Texas A&M Aggies,Texas,TA&M,NCAAF,NCAAF,,245,,,SEC,,,,0.90,"[""espn""]",2025-09-10 22:23:51,2025-09-10 22:23:51,2025-09-16 19:55:09,245
374,INTERNAL_TEXAS_LONGHORNS_NCAAF,Texas Longhorns,Texas,TEX,NCAAF,NCAAF,,251,,,Big 12,,,,0.90,"[""espn""]",2025-09-10 22:23:51,2025-09-10 22:23:51,2025-09-16 19:55:09,251
535,INTERNAL_UCF_KNIGHTS_NCAAF,UCF Knights,UCF,UCF,NCAAF,NCAAF,,2116,,,Big 12,,,,0.90,"[""espn""]",2025-09-10 22:24:03,2025-09-10 22:24:03,2025-09-16 19:55:09,2116
233,INTERNAL_UCLA_BRUINS_NCAAF,UCLA Bruins,UCLA,UCLA,NCAAF,NCAAF,,26,,,Pac-12,,,,0.90,"[""espn""]",2025-09-10 22:23:41,2025-09-10 22:23:41,2025-09-16 19:55:07,26
235,INTERNAL_USC_TROJANS_NCAAF,USC Trojans,USC,USC,NCAAF,NCAAF,,30,,,Pac-12,,,,0.90,"[""espn""]",2025-09-10 22:23:41,2025-09-10 22:23:41,2025-09-16 19:55:08,30
377,INTERNAL_UTAH_UTES_NCAAF,Utah Utes,Utah,UTAH,NCAAF,NCAAF,,254,,,Pac-12,,,,0.90,"[""espn""]",2025-09-10 22:23:52,2025-09-10 22:23:52,2025-09-16 19:55:09,254
378,INTERNAL_VANDERBILT_COMMODORES_NCAAF,Vanderbilt Commodores,Vanderbilt,VAN,NCAAF,NCAAF,,238,,,SEC,,,,0.90,"[""espn""]",2025-09-10 22:23:52,2025-09-10 22:23:52,2025-09-16 19:55:09,238
379,INTERNAL_VIRGINIA_CAVALIERS_NCAAF,Virginia Cavaliers,Virginia,UVA,NCAAF,NCAAF,,258,,,ACC,,,,0.90,"[""espn""]",2025-09-10 22:23:52,2025-09-10 22:23:52,2025-09-16 19:55:09,258
380,INTERNAL_VIRGINIA_TECH_HOKIES_NCAAF,Virginia Tech Hokies,Virginia,VT,NCAAF,NCAAF,,259,,,ACC,,,,0.90,"[""espn""]",2025-09-10 22:23:52,2025-09-10 22:23:52,2025-09-16 19:55:09,259
335,INTERNAL_WAKE_FOREST_DEMON_DEACONS_NCAAF,Wake Forest Demon Deacons,Wake,WAKE,NCAAF,NCAAF,,154,,,ACC,,,,0.90,"[""espn""]",2025-09-10 22:23:49,2025-09-10 22:23:49,2025-09-16 19:55:08,154
381,INTERNAL_WASHINGTON_HUSKIES_NCAAF,Washington Huskies,Washington,WASH,NCAAF,NCAAF,,264,,,Pac-12,,,,0.90,"[""espn""]",2025-09-10 22:23:52,2025-09-10 22:23:52,2025-09-16 19:55:09,264
382,INTERNAL_WASHINGTON_STATE_COUGARS_NCAAF,Washington State Cougars,Washington,WSU,NCAAF,NCAAF,,265,,,Pac-12,,,,0.90,"[""espn""]",2025-09-10 22:23:52,2025-09-10 22:23:52,2025-09-16 19:55:09,265
383,INTERNAL_WEST_VIRGINIA_MOUNTAINEERS_NCAAF,West Virginia Mountaineers,West,WVU,NCAAF,NCAAF,,277,,,Big 12,,,,0.90,"[""espn""]",2025-09-10 22:23:52,2025-09-10 22:23:52,2025-09-16 19:55:09,277
384,INTERNAL_WISCONSIN_BADGERS_NCAAF,Wisconsin Badgers,Wisconsin,WIS,NCAAF,NCAAF,,275,,,Big Ten,,,,0.90,"[""espn""]",2025-09-10 22:23:52,2025-09-10 22:23:52,2025-09-16 19:55:09,275
1,INTERNAL_ARIZONA_CARDINALS_NFL,Arizona Cardinals,Arizona,ARI,NFL,NFL,ARIZONA_CARDINALS_NFL,22,,,,,,,0.90,"[""espn""]",2025-09-10 22:14:04,2025-09-10 22:14:04,2025-09-12 22:25:33,
2,INTERNAL_ATLANTA_FALCONS_NFL,Atlanta Falcons,Atlanta,ATL,NFL,NFL,ATLANTA_FALCONS_NFL,1,,,,,,,0.90,"[""espn""]",2025-09-10 22:14:04,2025-09-10 22:14:04,2025-09-12 22:25:28,
3,INTERNAL_BALTIMORE_RAVENS_NFL,Baltimore Ravens,Baltimore,BAL,NFL,NFL,BALTIMORE_RAVENS_NFL,33,,,,,,,0.90,"[""espn""]",2025-09-10 22:14:04,2025-09-10 22:14:04,2025-09-12 22:35:23,
4,INTERNAL_BUFFALO_BILLS_NFL,Buffalo Bills,Buffalo,BUF,NFL,NFL,BUFFALO_BILLS_NFL,2,,,,,,,0.90,"[""espn""]",2025-09-10 22:14:04,2025-09-10 22:14:04,2025-09-12 22:25:30,
5,INTERNAL_CAROLINA_PANTHERS_NFL,Carolina Panthers,Carolina,CAR,NFL,NFL,CAROLINA_PANTHERS_NFL,29,,,,,,,0.90,"[""espn""]",2025-09-10 22:14:04,2025-09-10 22:14:04,2025-09-12 22:25:33,
6,INTERNAL_CHICAGO_BEARS_NFL,Chicago Bears,Chicago,CHI,NFL,NFL,CHICAGO_BEARS_NFL,3,,,,,,,0.90,"[""espn""]",2025-09-10 22:14:04,2025-09-10 22:14:04,2025-09-12 22:35:20,
7,INTERNAL_CINCINNATI_BENGALS_NFL,Cincinnati Bengals,Cincinnati,CIN,NFL,NFL,CINCINNATI_BENGALS_NFL,4,,,,,,,0.90,"[""espn""]",2025-09-10 22:14:04,2025-09-10 22:14:04,2025-09-12 22:35:28,
8,INTERNAL_CLEVELAND_BROWNS_NFL,Cleveland Browns,Cleveland,CLE,NFL,NFL,CLEVELAND_BROWNS_NFL,5,,,,,,,0.90,"[""espn""]",2025-09-10 22:14:04,2025-09-10 22:14:04,2025-09-12 22:35:23,
9,INTERNAL_DALLAS_COWBOYS_NFL,Dallas Cowboys,Dallas,DAL,NFL,NFL,DALLAS_COWBOYS_NFL,6,,,,,,,0.90,"[""espn""]",2025-09-10 22:14:04,2025-09-10 22:14:04,2025-09-12 22:35:36,
10,INTERNAL_DENVER_BRONCOS_NFL,Denver Broncos,Denver,DEN,NFL,NFL,DENVER_BRONCOS_NFL,7,,,,,,,0.90,"[""espn""]",2025-09-10 22:14:04,2025-09-10 22:14:04,2025-09-12 22:35:26,
11,INTERNAL_DETROIT_LIONS_NFL,Detroit Lions,Detroit,DET,NFL,NFL,DETROIT_LIONS_NFL,8,,,,,,,0.90,"[""espn""]",2025-09-10 22:14:05,2025-09-10 22:14:05,2025-09-12 22:35:20,
12,INTERNAL_GREEN_BAY_PACKERS_NFL,Green Bay Packers,Green,GB,NFL,NFL,GREEN_BAY_PACKERS_NFL,9,,,,,,,0.90,"[""espn""]",2025-09-10 22:14:05,2025-09-10 22:14:05,2025-09-12 22:35:46,
13,INTERNAL_HOUSTON_TEXANS_NFL,Houston Texans,Houston,HOU,NFL,NFL,HOUSTON_TEXANS_NFL,34,,,,,,,0.90,"[""espn""]",2025-09-10 22:14:05,2025-09-10 22:14:05,2025-09-13 05:57:21,
14,INTERNAL_INDIANAPOLIS_COLTS_NFL,Indianapolis Colts,Indianapolis,IND,NFL,NFL,INDIANAPOLIS_COLTS_NFL,11,,,,,,,0.90,"[""espn""]",2025-09-10 22:14:05,2025-09-10 22:14:05,2025-09-12 22:35:26,
15,INTERNAL_JACKSONVILLE_JAGUARS_NFL,Jacksonville Jaguars,Jacksonville,JAX,NFL,NFL,JACKSONVILLE_JAGUARS_NFL,30,,,,,,,0.90,"[""espn""]",2025-09-10 22:14:05,2025-09-10 22:14:05,2025-09-12 22:35:29,
16,INTERNAL_KANSAS_CITY_CHIEFS_NFL,Kansas City Chiefs,Kansas,KC,NFL,NFL,KANSAS_CITY_CHIEFS_NFL,12,,,,,,,0.90,"[""espn""]",2025-09-10 22:14:05,2025-09-10 22:14:05,2025-09-12 22:35:38,
17,INTERNAL_LAS_VEGAS_RAIDERS_NFL,Las Vegas Raiders,Las,LV,NFL,NFL,LAS_VEGAS_RAIDERS_NFL,13,,,,,,,0.90,"[""espn""]",2025-09-10 22:14:05,2025-09-10 22:14:05,2025-09-13 05:51:08,
18,INTERNAL_LOS_ANGELES_CHARGERS_NFL,Los Angeles Chargers,Los,LAC,NFL,NFL,LOS_ANGELES_CHARGERS_NFL,24,,,,,,,0.90,"[""espn""]",2025-09-10 22:14:05,2025-09-10 22:14:05,2025-09-13 05:51:08,
19,INTERNAL_LOS_ANGELES_RAMS_NFL,Los Angeles Rams,Los,LAR,NFL,NFL,LOS_ANGELES_RAMS_NFL,14,,,,,,,0.90,"[""espn""]",2025-09-10 22:14:05,2025-09-10 22:14:05,2025-09-12 22:35:31,
20,INTERNAL_MIAMI_DOLPHINS_NFL,Miami Dolphins,Miami,MIA,NFL,NFL,MIAMI_DOLPHINS_NFL,15,,,,,,,0.90,"[""espn""]",2025-09-10 22:14:05,2025-09-10 22:14:05,2025-09-12 22:35:33,
21,INTERNAL_MINNESOTA_VIKINGS_NFL,Minnesota Vikings,Minnesota,MIN,NFL,NFL,MINNESOTA_VIKINGS_NFL,16,,,,,,,0.90,"[""espn""]",2025-09-10 22:14:05,2025-09-10 22:14:05,2025-09-12 22:25:28,
22,INTERNAL_NEW_ENGLAND_PATRIOTS_NFL,New England Patriots,New,NE,NFL,NFL,NEW_ENGLAND_PATRIOTS_NFL,17,,,,,,,0.90,"[""espn""]",2025-09-10 22:14:05,2025-09-10 22:14:05,2025-09-12 22:35:33,
23,INTERNAL_NEW_ORLEANS_SAINTS_NFL,New Orleans Saints,New,NO,NFL,NFL,NEW_ORLEANS_SAINTS_NFL,18,,,,,,,0.90,"[""espn""]",2025-09-10 22:14:05,2025-09-10 22:14:05,2025-09-12 22:35:44,
24,INTERNAL_NEW_YORK_GIANTS_NFL,New York Giants,New,NYG,NFL,NFL,NEW_YORK_GIANTS_NFL,19,,,,,,,0.90,"[""espn""]",2025-09-10 22:14:05,2025-09-10 22:14:05,2025-09-12 22:35:36,
25,INTERNAL_NEW_YORK_JETS_NFL,New York Jets,New,NYJ,NFL,NFL,NEW_YORK_JETS_NFL,20,,,,,,,0.90,"[""espn""]",2025-09-10 22:14:06,2025-09-10 22:14:06,2025-09-12 22:25:30,
26,INTERNAL_PHILADELPHIA_EAGLES_NFL,Philadelphia Eagles,Philadelphia,PHI,NFL,NFL,PHILADELPHIA_EAGLES_NFL,21,,,,,,,0.90,"[""espn""]",2025-09-10 22:14:06,2025-09-10 22:14:06,2025-09-12 22:35:38,
27,INTERNAL_PITTSBURGH_STEELERS_NFL,Pittsburgh Steelers,Pittsburgh,PIT,NFL,NFL,PITTSBURGH_STEELERS_NFL,23,,,,,,,0.90,"[""espn""]",2025-09-10 22:14:06,2025-09-10 22:14:06,2025-09-12 22:35:41,
28,INTERNAL_SAN_FRANCISCO_49ERS_NFL,San Francisco 49ers,San,SF,NFL,NFL,SAN_FRANCISCO_49ERS_NFL,25,,,,,,,0.90,"[""espn""]",2025-09-10 22:14:06,2025-09-10 22:14:06,2025-09-12 22:35:44,
29,INTERNAL_SEATTLE_SEAHAWKS_NFL,Seattle Seahawks,Seattle,SEA,NFL,NFL,SEATTLE_SEAHAWKS_NFL,26,,,,,,,0.90,"[""espn""]",2025-09-10 22:14:06,2025-09-10 22:14:06,2025-09-12 22:35:41,
30,INTERNAL_TAMPA_BAY_BUCCANEERS_NFL,Tampa Bay Buccaneers,Tampa,TB,NFL,NFL,TAMPA_BAY_BUCCANEERS_NFL,27,,,,,,,0.90,"[""espn""]",2025-09-10 22:14:06,2025-09-10 22:14:06,2025-09-13 05:57:21,
31,INTERNAL_TENNESSEE_TITANS_NFL,Tennessee Titans,Tennessee,TEN,NFL,NFL,TENNESSEE_TITANS_NFL,10,,,,,,,0.90,"[""espn""]",2025-09-10 22:14:06,2025-09-10 22:14:06,2025-09-12 22:35:30,
32,INTERNAL_WASHINGTON_COMMANDERS_NFL,Washington Commanders,Washington,WSH,NFL,NFL,WASHINGTON_COMMANDERS_NFL,28,,,,,,,0.90,"[""espn""]",2025-09-10 22:14:06,2025-09-10 22:14:06,2025-09-12 22:35:46,
155,INTERNAL_ANAHEIM_DUCKS_NHL,Anaheim Ducks,Anaheim,ANA,NHL,NHL,,ana,,,,,,,0.90,"[""espn""]",2025-09-10 22:23:35,2025-09-10 22:23:35,2025-09-10 22:23:35,
156,INTERNAL_ARIZONA_COYOTES_NHL,Arizona Coyotes,Arizona,ARI,NHL,NHL,,ari,,,,,,,0.90,"[""espn""]",2025-09-10 22:23:36,2025-09-10 22:23:36,2025-09-10 22:23:35,
157,INTERNAL_BOSTON_BRUINS_NHL,Boston Bruins,Boston,BOS,NHL,NHL,,bos,,,,,,,0.90,"[""espn""]",2025-09-10 22:23:36,2025-09-10 22:23:36,2025-09-10 22:23:35,
158,INTERNAL_BUFFALO_SABRES_NHL,Buffalo Sabres,Buffalo,BUF,NHL,NHL,,buf,,,,,,,0.90,"[""espn""]",2025-09-10 22:23:36,2025-09-10 22:23:36,2025-09-10 22:23:35,
159,INTERNAL_CALGARY_FLAMES_NHL,Calgary Flames,Calgary,CGY,NHL,NHL,,cgy,,,,,,,0.90,"[""espn""]",2025-09-10 22:23:36,2025-09-10 22:23:36,2025-09-10 22:23:35,
160,INTERNAL_CAROLINA_HURRICANES_NHL,Carolina Hurricanes,Carolina,CAR,NHL,NHL,,car,,,,,,,0.90,"[""espn""]",2025-09-10 22:23:36,2025-09-10 22:23:36,2025-09-10 22:23:35,
161,INTERNAL_CHICAGO_BLACKHAWKS_NHL,Chicago Blackhawks,Chicago,CHI,NHL,NHL,,chi,,,,,,,0.90,"[""espn""]",2025-09-10 22:23:36,2025-09-10 22:23:36,2025-09-10 22:23:35,
162,INTERNAL_COLORADO_AVALANCHE_NHL,Colorado Avalanche,Colorado,COL,NHL,NHL,,col,,,,,,,0.90,"[""espn""]",2025-09-10 22:23:36,2025-09-10 22:23:36,2025-09-10 22:23:35,
163,INTERNAL_COLUMBUS_BLUE_JACKETS_NHL,Columbus Blue Jackets,Columbus Blue,CBJ,NHL,NHL,,cbj,,,,,,,0.90,"[""espn""]",2025-09-10 22:23:36,2025-09-10 22:23:36,2025-09-10 22:23:35,
164,INTERNAL_DALLAS_STARS_NHL,Dallas Stars,Dallas,DAL,NHL,NHL,,dal,,,,,,,0.90,"[""espn""]",2025-09-10 22:23:36,2025-09-10 22:23:36,2025-09-10 22:23:35,
165,INTERNAL_DETROIT_RED_WINGS_NHL,Detroit Red Wings,Detroit Red,DET,NHL,NHL,,det,,,,,,,0.90,"[""espn""]",2025-09-10 22:23:36,2025-09-10 22:23:36,2025-09-10 22:23:36,
166,INTERNAL_EDMONTON_OILERS_NHL,Edmonton Oilers,Edmonton,EDM,NHL,NHL,,edm,,,,,,,0.90,"[""espn""]",2025-09-10 22:23:36,2025-09-10 22:23:36,2025-09-10 22:23:36,
167,INTERNAL_FLORIDA_PANTHERS_NHL,Florida Panthers,Florida,FLA,NHL,NHL,,fla,,,,,,,0.90,"[""espn""]",2025-09-10 22:23:36,2025-09-10 22:23:36,2025-09-10 22:23:36,
168,INTERNAL_LOS_ANGELES_KINGS_NHL,Los Angeles Kings,Los Angeles,LA,NHL,NHL,,la,,,,,,,0.90,"[""espn""]",2025-09-10 22:23:36,2025-09-10 22:23:36,2025-09-10 22:23:36,
169,INTERNAL_MINNESOTA_WILD_NHL,Minnesota Wild,Minnesota,MIN,NHL,NHL,,min,,,,,,,0.90,"[""espn""]",2025-09-10 22:23:36,2025-09-10 22:23:36,2025-09-10 22:23:36,
170,INTERNAL_MONTREAL_CANADIENS_NHL,Montreal Canadiens,Montreal,MTL,NHL,NHL,,mtl,,,,,,,0.90,"[""espn""]",2025-09-10 22:23:37,2025-09-10 22:23:37,2025-09-10 22:23:36,
171,INTERNAL_NASHVILLE_PREDATORS_NHL,Nashville Predators,Nashville,NSH,NHL,NHL,,nsh,,,,,,,0.90,"[""espn""]",2025-09-10 22:23:37,2025-09-10 22:23:37,2025-09-10 22:23:36,
172,INTERNAL_NEW_JERSEY_DEVILS_NHL,New Jersey Devils,New Jersey,NJ,NHL,NHL,,nj,,,,,,,0.90,"[""espn""]",2025-09-10 22:23:37,2025-09-10 22:23:37,2025-09-10 22:23:36,
173,INTERNAL_NEW_YORK_ISLANDERS_NHL,New York Islanders,New York,NYI,NHL,NHL,,nyi,,,,,,,0.90,"[""espn""]",2025-09-10 22:23:37,2025-09-10 22:23:37,2025-09-10 22:23:36,
174,INTERNAL_NEW_YORK_RANGERS_NHL,New York Rangers,New York,NYR,NHL,NHL,,nyr,,,,,,,0.90,"[""espn""]",2025-09-10 22:23:37,2025-09-10 22:23:37,2025-09-10 22:23:36,
175,INTERNAL_OTTAWA_SENATORS_NHL,Ottawa Senators,Ottawa,OTT,NHL,NHL,,ott,,,,,,,0.90,"[""espn""]",2025-09-10 22:23:37,2025-09-10 22:23:37,2025-09-10 22:23:36,
176,INTERNAL_PHILADELPHIA_FLYERS_NHL,Philadelphia Flyers,Philadelphia,PHI,NHL,NHL,,phi,,,,,,,0.90,"[""espn""]",2025-09-10 22:23:37,2025-09-10 22:23:37,2025-09-10 22:23:36,
177,INTERNAL_PITTSBURGH_PENGUINS_NHL,Pittsburgh Penguins,Pittsburgh,PIT,NHL,NHL,,pit,,,,,,,0.90,"[""espn""]",2025-09-10 22:23:37,2025-09-10 22:23:37,2025-09-10 22:23:36,
178,INTERNAL_SAN_JOSE_SHARKS_NHL,San Jose Sharks,San Jose,SJ,NHL,NHL,,sj,,,,,,,0.90,"[""espn""]",2025-09-10 22:23:37,2025-09-10 22:23:37,2025-09-10 22:23:37,
179,INTERNAL_SEATTLE_KRAKEN_NHL,Seattle Kraken,Seattle,SEA,NHL,NHL,,sea,,,,,,,0.90,"[""espn""]",2025-09-10 22:23:37,2025-09-10 22:23:37,2025-09-10 22:23:37,
180,INTERNAL_ST_LOUIS_BLUES_NHL,St. Louis Blues,St. Louis,STL,NHL,NHL,,stl,,,,,,,0.90,"[""espn""]",2025-09-10 22:23:37,2025-09-10 22:23:37,2025-09-10 22:23:37,
181,INTERNAL_TAMPA_BAY_LIGHTNING_NHL,Tampa Bay Lightning,Tampa Bay,TB,NHL,NHL,,tb,,,,,,,0.90,"[""espn""]",2025-09-10 22:23:37,2025-09-10 22:23:37,2025-09-10 22:23:37,
182,INTERNAL_TORONTO_MAPLE_LEAFS_NHL,Toronto Maple Leafs,Toronto Maple,TOR,NHL,NHL,,tor,,,,,,,0.90,"[""espn""]",2025-09-10 22:23:37,2025-09-10 22:23:37,2025-09-10 22:23:37,
183,INTERNAL_VANCOUVER_CANUCKS_NHL,Vancouver Canucks,Vancouver,VAN,NHL,NHL,,van,,,,,,,0.90,"[""espn""]",2025-09-10 22:23:38,2025-09-10 22:23:38,2025-09-10 22:23:37,
184,INTERNAL_VEGAS_GOLDEN_KNIGHTS_NHL,Vegas Golden Knights,Vegas Golden,VGK,NHL,NHL,,vgk,,,,,,,0.90,"[""espn""]",2025-09-10 22:23:38,2025-09-10 22:23:38,2025-09-10 22:23:37,
185,INTERNAL_WASHINGTON_CAPITALS_NHL,Washington Capitals,Washington,WSH,NHL,NHL,,wsh,,,,,,,0.90,"[""espn""]",2025-09-10 22:23:38,2025-09-10 22:23:38,2025-09-10 22:23:37,
186,INTERNAL_WINNIPEG_JETS_NHL,Winnipeg Jets,Winnipeg,WPG,NHL,NHL,,wpg,,,,,,,0.90,"[""espn""]",2025-09-10 22:23:38,2025-09-10 22:23:38,2025-09-10 22:23:37,
5665,INTERNAL_AFC_BOURNEMOUTH_EPL,AFC Bournemouth,Bournemouth,BOU,Soccer,EPL,,bou,,,,,,,0.90,"[""espn""]",2025-09-10 22:28:36,2025-09-10 22:28:36,2025-09-10 22:28:36,
5663,INTERNAL_ARSENAL_EPL,Arsenal,London,ARS,Soccer,EPL,,ars,,,,,,,0.90,"[""espn""]",2025-09-10 22:28:36,2025-09-10 22:28:36,2025-09-10 22:28:36,
5664,INTERNAL_ASTON_VILLA_EPL,Aston Villa,Birmingham,AVL,Soccer,EPL,,avl,,,,,,,0.90,"[""espn""]",2025-09-10 22:28:36,2025-09-10 22:28:36,2025-09-10 22:28:36,
5666,INTERNAL_BRENTFORD_EPL,Brentford,London,BRE,Soccer,EPL,,bre,,,,,,,0.90,"[""espn""]",2025-09-10 22:28:36,2025-09-10 22:28:36,2025-09-10 22:28:36,
5667,INTERNAL_BRIGHTON_&_HOVE_ALBION_EPL,Brighton & Hove Albion,Brighton,BHA,Soccer,EPL,,bha,,,,,,,0.90,"[""espn""]",2025-09-10 22:28:37,2025-09-10 22:28:37,2025-09-10 22:28:36,
5668,INTERNAL_CHELSEA_EPL,Chelsea,London,CHE,Soccer,EPL,,che,,,,,,,0.90,"[""espn""]",2025-09-10 22:28:37,2025-09-10 22:28:37,2025-09-10 22:28:36,
5669,INTERNAL_CRYSTAL_PALACE_EPL,Crystal Palace,London,CRY,Soccer,EPL,,cry,,,,,,,0.90,"[""espn""]",2025-09-10 22:28:37,2025-09-10 22:28:37,2025-09-10 22:28:36,
5670,INTERNAL_EVERTON_EPL,Everton,Liverpool,EVE,Soccer,EPL,,eve,,,,,,,0.90,"[""espn""]",2025-09-10 22:28:37,2025-09-10 22:28:37,2025-09-10 22:28:36,
5671,INTERNAL_FULHAM_EPL,Fulham,London,FUL,Soccer,EPL,,ful,,,,,,,0.90,"[""espn""]",2025-09-10 22:28:37,2025-09-10 22:28:37,2025-09-10 22:28:36,
5672,INTERNAL_IPSWICH_TOWN_EPL,Ipswich Town,Ipswich,IPS,Soccer,EPL,,ips,,,,,,,0.90,"[""espn""]",2025-09-10 22:28:37,2025-09-10 22:28:37,2025-09-10 22:28:36,
5673,INTERNAL_LEICESTER_CITY_EPL,Leicester City,Leicester,LEI,Soccer,EPL,,lei,,,,,,,0.90,"[""espn""]",2025-09-10 22:28:37,2025-09-10 22:28:37,2025-09-10 22:28:36,
5674,INTERNAL_LIVERPOOL_EPL,Liverpool,Liverpool,LIV,Soccer,EPL,,liv,,,,,,,0.90,"[""espn""]",2025-09-10 22:28:37,2025-09-10 22:28:37,2025-09-10 22:28:36,
5675,INTERNAL_MANCHESTER_CITY_EPL,Manchester City,Manchester,MCI,Soccer,EPL,,mci,,,,,,,0.90,"[""espn""]",2025-09-10 22:28:37,2025-09-10 22:28:37,2025-09-10 22:28:37,
5676,INTERNAL_MANCHESTER_UNITED_EPL,Manchester United,Manchester,MUN,Soccer,EPL,,mun,,,,,,,0.90,"[""espn""]",2025-09-10 22:28:37,2025-09-10 22:28:37,2025-09-10 22:28:37,
5677,INTERNAL_NEWCASTLE_UNITED_EPL,Newcastle United,Newcastle,NEW,Soccer,EPL,,new,,,,,,,0.90,"[""espn""]",2025-09-10 22:28:37,2025-09-10 22:28:37,2025-09-10 22:28:37,
5678,INTERNAL_NOTTINGHAM_FOREST_EPL,Nottingham Forest,Nottingham,NFO,Soccer,EPL,,nfo,,,,,,,0.90,"[""espn""]",2025-09-10 22:28:37,2025-09-10 22:28:37,2025-09-10 22:28:37,
5679,INTERNAL_SOUTHAMPTON_EPL,Southampton,Southampton,SOU,Soccer,EPL,,sou,,,,,,,0.90,"[""espn""]",2025-09-10 22:28:37,2025-09-10 22:28:37,2025-09-10 22:28:37,
5680,INTERNAL_TOTTENHAM_HOTSPUR_EPL,Tottenham Hotspur,London,TOT,Soccer,EPL,,tot,,,,,,,0.90,"[""espn""]",2025-09-10 22:28:38,2025-09-10 22:28:38,2025-09-10 22:28:37,
5681,INTERNAL_WEST_HAM_UNITED_EPL,West Ham United,London,WHU,Soccer,EPL,,whu,,,,,,,0.90,"[""espn""]",2025-09-10 22:28:38,2025-09-10 22:28:38,2025-09-10 22:28:37,
5682,INTERNAL_WOLVERHAMPTON_WANDERERS_EPL,Wolverhampton Wanderers,Wolverhampton,WOL,Soccer,EPL,,wol,,,,,,,0.90,"[""espn""]",2025-09-10 22:28:38,2025-09-10 22:28:38,2025-09-10 22:28:37,
